,Longitude,Latitude,tem,rain,dem,aspect,适宜
0,108.17,33.46,10.40317,713.74194,1950.10303514377,176.99512,不适宜
1,108.17,33.47,10.333574500000001,767.9549033333333,1947.8886328725039,168.40251,不适宜
2,108.17,33.48,8.691312166666666,833.1691500000001,1967.152542372881,170.62082,不适宜
3,108.17,33.49,7.801496766666666,795.1121899999999,1988.559430604982,175.5561,不适宜
4,108.17,33.5,7.491376966666667,657.6514383333333,2006.8625170998632,175.83675,适宜
5,108.17,33.51,7.387604166666667,524.6804066666666,2026.6361842105264,172.16498,不适宜
6,108.17,33.52,7.588301480000001,470.5265360000001,2046.8593252705286,169.21017,不适宜
7,108.17,33.53,8.088989766666668,471.8551616666666,2067.46921182266,170.91475,不适宜
8,108.17,33.54,8.907736333333334,490.24450833333333,2083.346876895088,170.0225,不适宜
9,108.17,33.55,9.814049333333333,502.829945,2085.641863278887,175.54918,不适宜
10,108.17,33.56,10.480742000000001,507.754302,2089.261053906723,174.17818,不适宜
11,108.17,33.57,10.583081833333333,510.23706,2098.221212121212,169.9779,适宜
12,108.17,33.58,10.530194666666668,517.2214933333333,2096.712985436893,171.28314,不适宜
13,108.17,33.59,10.715323333333334,529.5275266666667,2098.7751515151517,172.43195,不适宜
14,108.17,33.6,11.1649533,544.930786,2091.8233514821536,174.59454,不适宜
15,108.17,33.61,11.439545749999999,567.99955,2080.788356579745,179.1021,不适宜
16,108.17,33.62,11.236466,595.8889483333334,2071.015767131595,182.38255,不适宜
17,108.17,33.63,10.675690333333332,639.9985233333334,2058.1827565270187,178.66869,不适宜
18,108.17,33.64,10.058007000000003,684.8497739999999,2040.4857489387507,176.32182,不适宜
19,108.17,33.65,9.601879833333333,704.2789433333332,2019.8238498789347,175.11014,不适宜
20,108.17,33.66,9.340335166666666,675.8590383333333,1989.7900485436894,174.95691,不适宜
21,108.17,33.67,9.280566166666667,604.652365,1961.0339805825245,175.86955,不适宜
22,108.17,33.68,9.360580916666667,530.4111183333333,1948.431432038835,178.2007,不适宜
23,108.17,33.69,9.506150166666666,503.974255,1937.8368708308064,176.29985,不适宜
24,108.17,33.7,9.677082666666665,548.5344033333333,1936.3980582524273,177.41458,不适宜
25,108.17,33.71,9.874019,629.3911933333334,1939.5828779599271,177.48091,不适宜
26,108.17,33.72,10.081420833333333,681.5369883333333,1934.8943533697632,171.11041,不适宜
27,108.17,33.73,10.232339416666665,662.7548266666666,1940.2094717668488,168.29053,不适宜
28,108.17,33.74,10.2634186,593.43326,1949.3094262295083,175.41429,不适宜
29,108.18,33.46,10.547151,634.38678,1945.4470018170805,174.84177,不适宜
30,108.18,33.47,10.666747333333333,600.6606016666667,1943.3139393939393,177.64601,不适宜
31,108.18,33.48,10.7569795,679.9574288888888,1940.7996368038741,169.68214,不适宜
32,108.18,33.49,10.003501277777778,794.8864511111111,1935.8298001211388,167.13359,不适宜
33,108.18,33.5,8.75651298888889,826.7542922222223,1941.0814725407363,163.15285,不适宜
34,108.18,33.51,7.7772715055555555,750.0455788888888,1953.5372953305032,166.19957,不适宜
35,108.18,33.52,7.5811774,631.5418813333333,1955.34,168.77255,不适宜
36,108.18,33.53,7.569365899999999,537.0004327777777,1958.2278787878788,168.42169,不适宜
37,108.18,33.54,7.857504499999999,498.49513,1957.86630369026,167.7013,不适宜
38,108.18,33.55,8.469267816666667,507.3802177777778,1962.3502722323049,161.07405,不适宜
39,108.18,33.56,9.383422933333334,525.8642626666667,1978.7957575757575,164.16824,不适宜
40,108.18,33.57,10.108066888888889,531.3072311111112,1986.2977562158885,167.79927,不适宜
41,108.18,33.58,10.523936555555554,528.3949922222222,1984.9884848484849,164.72726,不适宜
42,108.18,33.59,10.519996361111112,524.7346972222222,1986.977602905569,167.34015,不适宜
43,108.18,33.6,10.460045066666668,528.2641713333333,1988.7763636363636,169.31828,不适宜
44,108.18,33.61,10.714325416666666,541.3596775,1998.871359223301,168.03545,不适宜
45,108.18,33.62,11.0131655,556.6942294444444,2007.1637355973317,177.54767,不适宜
46,108.18,33.63,11.145162888888889,583.6292172222222,2003.1776834445118,180.78062,不适宜
47,108.18,33.64,10.879044566666666,625.268242,2004.630369026013,183.7534,不适宜
48,108.18,33.65,10.414970805555557,675.8295544444445,2011.626213592233,177.74303,不适宜
49,108.18,33.66,9.961943555555555,720.0809822222222,2028.0661809350333,173.31152,不适宜
50,108.18,33.67,9.648985055555555,728.4136488888889,2049.1025485436894,169.237,适宜
51,108.18,33.68,9.50764125,684.366761111111,2056.4055859137825,167.03868,不适宜
52,108.18,33.69,9.516426,606.5374561111112,2054.180387409201,167.24234,不适宜
53,108.18,33.7,9.621262972222222,544.1601688888888,2052.3125,165.62564,不适宜
54,108.18,33.71,9.776998833333334,543.5815444444445,2040.2588092345081,174.10406,不适宜
55,108.18,33.72,9.977398444444445,607.796736111111,2017.3343446601941,175.3885,不适宜
56,108.18,33.73,10.222925722222222,688.3009911111111,1994.6381299332118,177.02269,不适宜
57,108.18,33.74,10.449661566666666,722.0240426666667,1969.8943521594686,176.73459,不适宜
58,108.19,33.46,10.115866333333335,769.8097599999999,1958.932808716707,171.73361,不适宜
59,108.19,33.47,10.258578944444444,791.3805033333333,1950.7825560266506,169.86682,不适宜
60,108.19,33.48,10.58795361111111,759.8027933333334,1947.2840702604483,168.72444,不适宜
61,108.19,33.49,10.941415833333334,656.6182783333334,1947.6366928183463,167.78317,不适宜
62,108.19,33.5,11.179176027777777,656.175016111111,1958.5287704421562,163.81819,不适宜
63,108.19,33.51,11.030603055555556,749.1703305555556,1957.5121212121212,161.80666,不适宜
64,108.19,33.52,9.541819866666668,830.2821766666666,1951.653543307087,167.49835,不适宜
65,108.19,33.53,8.472304755555555,803.4037933333334,1951.575500303214,167.09981,不适宜
66,108.19,33.54,7.7934174,705.7328216666668,1949.1503623188405,160.82954,不适宜
67,108.19,33.55,7.722576122222222,603.0387683333333,1946.5403274711946,164.69485,不适宜
68,108.19,33.56,7.8674530466666655,555.282978,1936.14,164.93697,不适宜
69,108.19,33.57,8.224165238888888,565.3000611111112,1919.3610436893205,162.34691,不适宜
70,108.19,33.58,8.85828588888889,587.5349472222223,1914.8812121212122,162.38216,不适宜
71,108.19,33.59,9.617628111111111,593.145268888889,1912.8869407496977,161.5084,不适宜
72,108.19,33.6,10.155591066666666,576.0517446666667,1904.2630303030303,164.17377,不适宜
73,108.19,33.61,10.119227791666669,546.8400633333333,1899.7099514563106,170.62532,不适宜
74,108.19,33.62,9.857683166666668,531.8139483333333,1889.7919951485749,168.28629,不适宜
75,108.19,33.63,9.761692833333333,529.8314783333333,1883.166767738023,166.57857,不适宜
76,108.19,33.64,10.071896933333331,544.1841806666666,1887.4288310115082,169.15976,不适宜
77,108.19,33.65,10.44716611111111,569.4828955555555,1890.1674757281555,167.78195,不适宜
78,108.19,33.66,10.549495111111112,609.3139055555556,1893.3329290479078,170.76451,不适宜
79,108.19,33.67,10.372832777777779,666.2436616666668,1902.6662621359224,168.43585,不适宜
80,108.19,33.68,10.135153777777779,729.9974544444445,1902.4311704063068,166.87395,不适宜
81,108.19,33.69,9.966456333333333,770.46973,1907.310491206792,166.54596,不适宜
82,108.19,33.7,9.883343055555555,755.4341766666666,1906.986650485437,164.80092,不适宜
83,108.19,33.71,9.864742111111111,685.8954944444445,1904.0260922330096,160.88963,不适宜
84,108.19,33.72,9.887783416666666,605.3183733333333,1912.6184690157959,159.10146,不适宜
85,108.19,33.73,9.956954277777777,572.5765638888889,1920.0624242424242,159.51828,不适宜
86,108.19,33.74,10.090400266666666,609.8833233333334,1921.0376868096166,163.37895,不适宜
87,108.2,33.46,10.633038333333333,635.0249833333332,1935.235009085403,166.6871,不适宜
88,108.2,33.47,10.52570711111111,631.4108638888888,1935.0163636363634,172.18571,不适宜
89,108.2,33.48,10.286851666666667,669.4027000000001,1926.8811821471652,166.86316,不适宜
90,108.2,33.49,10.141054083333332,743.4149,1923.4303030303029,164.04393,不适宜
91,108.2,33.5,10.239807305555557,794.9814294444444,1933.7922471229558,170.08054,不适宜
92,108.2,33.51,10.601392138888889,775.0918761111111,1942.4636363636366,169.62688,不适宜
93,108.2,33.52,11.03784603333333,696.8861733333334,1967.0575408843126,169.26642,不适宜
94,108.2,33.53,11.38618386111111,661.4989911111111,1989.7892512077294,173.81987,不适宜
95,108.2,33.54,11.50511347222222,707.3415166666667,2001.6660606060607,177.52625,不适宜
96,108.2,33.55,10.306157816666667,802.3785772222224,2009.8599151000606,174.9644,不适宜
97,108.2,33.56,8.373063786666666,767.331226,2018.521212121212,168.2528,不适宜
98,108.2,33.57,7.954658522222222,698.3657511111112,2035.2637962401454,164.04463,不适宜
99,108.2,33.58,8.028921922222223,638.3404638888888,2052.3981873111784,171.83551,适宜
100,108.2,33.59,8.125382111111112,632.9030827777777,2059.448422330097,177.01665,不适宜
101,108.2,33.6,8.259700933333333,673.2681493333334,2064.6112795633717,177.38583,不适宜
102,108.2,33.61,8.56045725,712.4450758333334,2069.848300970874,174.9548,不适宜
103,108.2,33.62,8.921505861111111,709.9474055555555,2065.5991510006065,178.5071,不适宜
104,108.2,33.63,9.299553999999999,671.5940488888889,2058.196007259528,180.54976,不适宜
105,108.2,33.64,9.298940666666667,607.824738,2054.184960582171,172.36111,不适宜
106,108.2,33.65,8.901351722222222,548.0318433333333,2046.8998178506374,172.85211,不适宜
107,108.2,33.66,8.534757583333334,516.3749827777779,2040.7299757281555,175.92102,不适宜
108,108.2,33.67,8.691554111111111,522.7041916666667,2030.5549483910138,175.31273,适宜
109,108.2,33.68,9.28374811111111,552.9199477777778,2022.054479418886,173.42355,适宜
110,108.2,33.69,9.781968277777777,596.2573494444445,2016.7916160388822,175.04463,不适宜
111,108.2,33.7,9.998518166666667,654.2445633333333,2002.8961748633883,176.02963,不适宜
112,108.2,33.71,10.147844527777778,721.3333672222223,1992.0680024286582,182.42229,不适宜
113,108.2,33.72,10.352514444444445,771.933891111111,1992.8962378640776,184.54762,不适宜
114,108.2,33.73,10.515704722222223,774.8433777777776,1989.2634766807994,182.2715,不适宜
115,108.2,33.74,10.519094066666666,730.9481740000001,1989.7144670050764,186.47252,不适宜
116,108.21,33.46,10.546775333333333,745.9934999999999,1994.243799153055,186.13629,不适宜
117,108.21,33.47,10.81114475,726.8124172222222,1994.6924004825091,180.88919,不适宜
118,108.21,33.48,11.116287444444445,681.7026372222223,1985.9890975166566,168.42732,不适宜
119,108.21,33.49,11.049649111111112,649.4909905555555,1983.3290909090908,171.34792,不适宜
120,108.21,33.5,10.656268111111112,656.4908216666666,1954.992125984252,177.38278,不适宜
121,108.21,33.51,10.232731805555556,700.2715372222222,1931.6509090909092,178.85591,不适宜
122,108.21,33.52,10.062577299999997,745.2412973333334,1916.771739130435,179.2334,不适宜
123,108.21,33.53,10.235253416666666,758.9333849999999,1902.2818181818182,179.9043,不适宜
124,108.21,33.54,10.734334583333332,721.3934411111112,1897.5402786190189,170.63547,不适宜
125,108.21,33.55,11.295067361111112,658.0255022222223,1911.4560339599757,168.6931,不适宜
126,108.21,33.56,11.633046499999999,670.9512506666666,1916.8151515151515,164.1634,不适宜
127,108.21,33.57,11.0214272,750.4274266666666,1927.5574365175332,160.64784,适宜
128,108.21,33.58,9.741462333333335,747.5061572222223,1939.8885523924894,169.30415,不适宜
129,108.21,33.59,8.117686577777777,687.9819483333333,1937.6973923590056,176.85776,不适宜
130,108.21,33.6,8.307542166666666,639.8906800000002,1935.4875682231655,180.34706,不适宜
131,108.21,33.61,8.422938041666667,656.5255933333333,1924.0594660194174,181.35971,不适宜
132,108.21,33.62,8.383129138888888,711.3397038888888,1918.9516031457956,181.69199,不适宜
133,108.21,33.63,8.299713805555555,779.8557666666667,1926.411158277744,173.43091,不适宜
134,108.21,33.64,8.370933033333333,809.115652,1939.1364463311095,173.72821,不适宜
135,108.21,33.65,8.637954694444444,784.1721305555556,1946.5728155339805,180.3757,不适宜
136,108.21,33.66,8.871128694444444,714.8786327777777,1954.7125530624621,175.08844,不适宜
137,108.21,33.67,8.751981083333332,624.5480622222221,1958.6927272727273,178.03049,不适宜
138,108.21,33.68,8.394065222222222,549.8498288888889,1962.545785324439,175.00404,不适宜
139,108.21,33.69,8.321900888888889,521.7782411111111,1975.7298117789921,173.76106,不适宜
140,108.21,33.7,8.774761083333333,537.4089822222222,1984.2766990291261,171.02019,不适宜
141,108.21,33.71,9.389142027777778,574.0148461111112,1989.9076549210206,172.17921,不适宜
142,108.21,33.72,9.805395472222221,621.0622305555555,1998.8048484848482,172.48186,不适宜
143,108.21,33.73,10.123684722222222,677.1290888888889,1995.4793438639126,171.79341,不适宜
144,108.21,33.74,10.487883,726.8487893333333,1996.7515489467162,160.63387,不适宜
145,108.22,33.46,10.071045666666667,667.4279033333333,1994.5147857573932,154.69133,不适宜
146,108.22,33.47,10.166433222222224,683.1688388888889,1995.5451241671715,157.09981,不适宜
147,108.22,33.48,10.425447972222221,700.9611944444445,1998.693519079346,156.40303,不适宜
148,108.22,33.49,10.856399666666666,697.9777138888888,2016.5569696969696,150.73409,不适宜
149,108.22,33.5,11.268326166666665,674.5233416666666,2030.9600242277409,152.91074,不适宜
150,108.22,33.51,11.351907805555555,648.2136344444444,2040.3413897280966,160.15976,不适宜
151,108.22,33.52,11.0466544,640.0793373333333,2045.8983050847457,167.109,不适宜
152,108.22,33.53,10.533948722222222,655.8496355555556,2033.4208611279564,177.42409,不适宜
153,108.22,33.54,10.078278166666665,688.8982699999999,2014.490909090909,185.3996,不适宜
154,108.22,33.55,10.013940666666667,712.8549016666667,1987.6084848484847,187.46017,不适宜
155,108.22,33.56,10.4748438,702.6307813333333,1952.5765275257108,186.02615,不适宜
156,108.22,33.57,11.098808000000002,663.1221244444444,1934.8638014527844,178.15173,不适宜
157,108.22,33.58,11.642449666666666,652.6518588888889,1936.632504548211,169.25536,不适宜
158,108.22,33.59,11.775544611111112,683.201375,1938.5333737864078,164.05716,不适宜
159,108.22,33.6,10.519759333333333,712.0090433333334,1946.6224242424241,170.89886,不适宜
160,108.22,33.61,8.631690833333334,648.4234516666667,1955.175257731959,179.96774,不适宜
161,108.22,33.62,8.592723583333333,611.4502877777777,1953.9437386569873,182.96037,不适宜
162,108.22,33.63,8.770712,618.3931855555555,1956.9047330097087,183.72357,不适宜
163,108.22,33.64,8.7238135,688.3325713333332,1946.692354368932,173.66518,适宜
164,108.22,33.65,8.493466194444444,778.7601799999999,1939.354584092289,169.90327,不适宜
165,108.22,33.66,8.298561305555555,845.4376977777778,1939.3768203883494,175.56506,不适宜
166,108.22,33.67,8.380161444444445,860.0180316666667,1932.5644283121594,182.33667,不适宜
167,108.22,33.68,8.703882805555555,823.0061661111112,1930.3725728155337,181.84933,不适宜
168,108.22,33.69,8.947864944444445,742.4316722222221,1928.7346690953248,181.78372,不适宜
169,108.22,33.7,8.936022416666667,644.5240144444444,1924.3907766990292,185.69879,不适宜
170,108.22,33.71,8.947366083333334,575.7534772222223,1923.010321797207,190.85463,不适宜
171,108.22,33.72,9.265598777777777,559.2071883333333,1925.0757116898849,198.23505,不适宜
172,108.22,33.73,9.69779125,579.2544116666667,1930.627582017011,191.71954,不适宜
173,108.22,33.74,9.9640829,609.4101553333334,1950.8955676988462,183.12616,不适宜
174,108.23,33.46,10.022106666666664,636.6074566666666,1962.47365233192,185.64954,不适宜
175,108.23,33.47,10.249990416666668,647.5938972222222,1963.5923682616597,184.94739,不适宜
176,108.23,33.48,10.461650166666667,658.1470205555556,1952.3797698364629,178.05649,不适宜
177,108.23,33.49,10.479477777777777,657.7179199999999,1936.7272727272727,182.11882,不适宜
178,108.23,33.5,10.570324277777779,653.7173488888889,1916.8453172205438,184.19534,适宜
179,108.23,33.51,10.871656055555556,648.2966527777778,1907.9879007864488,183.61534,不适宜
180,108.23,33.52,11.2146985,638.8666153333332,1912.8702243784112,175.60318,不适宜
181,108.23,33.53,11.371394333333333,626.4151066666667,1919.4712295578438,166.26193,不适宜
182,108.23,33.54,11.1662435,619.4790966666667,1941.9648271679805,167.34537,不适宜
183,108.23,33.55,10.664346472222222,629.5961016666666,1964.25,163.86899,不适宜
184,108.23,33.56,10.133102766666669,657.1862326666667,1980.5759225650334,167.18181,不适宜
185,108.23,33.57,10.007536861111111,678.607225,1988.0466949666463,179.30177,适宜
186,108.23,33.58,10.343357444444443,682.7457566666667,1964.0012128562767,185.34558,不适宜
187,108.23,33.59,11.017695833333335,662.4395477777779,1941.4378411158277,182.50691,不适宜
188,108.23,33.6,11.675787266666667,634.21561,1933.8277744087325,172.6498,适宜
189,108.23,33.61,11.909587916666666,683.0790649999999,1924.749244712991,165.17094,不适宜
190,108.23,33.62,11.22345386111111,674.7325255555556,1921.5406553398057,164.6984,不适宜
191,108.23,33.63,9.6578625,628.529618888889,1920.1576713159488,165.72606,不适宜
192,108.23,33.64,8.890135133333334,576.8443746666667,1916.443567961165,177.53433,不适宜
193,108.23,33.65,9.104704583333332,575.0775566666667,1918.7524271844661,169.93806,不适宜
194,108.23,33.66,9.078454805555555,631.272463888889,1922.6822033898304,166.09918,不适宜
195,108.23,33.67,8.831279222222221,717.446588888889,1921.1523982999393,167.91849,不适宜
196,108.23,33.68,8.57448875,793.7321772222222,1923.6759708737864,170.05667,不适宜
197,108.23,33.69,8.572302722222222,840.9961038888889,1929.888349514563,175.63876,不适宜
198,108.23,33.7,8.873600527777779,852.8446772222222,1946.9860352155433,175.32462,不适宜
199,108.23,33.71,9.213666555555555,813.8815055555556,1968.242571255306,175.41713,不适宜
200,108.23,33.72,9.390173138888889,730.290338888889,1981.231796116505,173.5224,适宜
201,108.23,33.73,9.580014305555556,648.943035,1991.4177292046145,176.55292,不适宜
202,108.23,33.74,9.9169626,611.7314913333333,1999.6840826245443,183.18935,不适宜
203,108.24,33.46,9.478624125,674.240525,2011.2919442761963,173.76938,不适宜
204,108.24,33.47,9.510413458333334,664.5236345833333,2015.0823743185947,169.56723,不适宜
205,108.24,33.48,9.755360354166667,670.7109833333334,2022.6208358570564,172.2845,不适宜
206,108.24,33.49,10.168172583333334,685.6729345833334,2029.1527777777778,177.2807,不适宜
207,108.24,33.5,10.472107333333334,682.0298979166666,2030.6434624697335,180.75684,不适宜
208,108.24,33.51,10.585552729166666,654.5082370833334,2028.249090909091,183.53099,不适宜
209,108.24,33.52,10.658730025000002,623.9482075,2022.3428225317991,180.78284,不适宜
210,108.24,33.53,10.84194525,604.1401833333333,2017.4481503941784,174.55229,不适宜
211,108.24,33.54,11.117812624999997,595.594125,2016.177966101695,175.06737,不适宜
212,108.24,33.55,11.261686041666668,592.8869541666667,2016.657799274486,179.87666,不适宜
213,108.24,33.56,11.078361500000002,595.1539105,2019.1624242424243,172.62791,不适宜
214,108.24,33.57,10.694931145833333,607.9133454166666,2025.2850212249848,165.96243,不适宜
215,108.24,33.58,10.287267083333333,633.42980875,2037.0678787878787,168.34169,不适宜
216,108.24,33.59,10.16614475,659.9479266666666,2047.717839805825,172.36281,不适宜
217,108.24,33.6,10.496873925000001,672.951195,2053.354292623942,178.1302,不适宜
218,108.24,33.61,11.179525250000001,663.9610425,2056.307459066101,176.56519,不适宜
219,108.24,33.62,11.647761124999999,649.5031825,2054.569781553398,174.60512,不适宜
220,108.24,33.63,11.906839208333336,668.3958004166667,2061.52609223301,174.09314,不适宜
221,108.24,33.64,11.3660293,657.79146,2064.018203883495,173.30908,不适宜
222,108.24,33.65,10.000423395833334,614.70553375,2052.4115151515152,177.7312,不适宜
223,108.24,33.66,9.493287520833332,558.4491437500001,2034.6030303030302,184.52234,不适宜
224,108.24,33.67,9.363968354166666,544.1704270833334,2018.554004854369,187.77235,不适宜
225,108.24,33.68,9.350526312500001,576.4382412499999,2005.7285974499089,188.73436,不适宜
226,108.24,33.69,9.148047166666666,633.1037083333333,1992.5825242718447,191.88779,不适宜
227,108.24,33.7,8.947174416666666,690.9089145833335,1971.9921020656136,194.72806,适宜
228,108.24,33.71,8.950726166666668,746.88473125,1950.4727602905568,188.04692,不适宜
229,108.24,33.72,9.176047375,795.1422029166666,1926.8420413122722,185.77089,不适宜
230,108.24,33.73,9.407643375000001,804.2333575,1906.3410194174758,180.76627,不适宜
231,108.24,33.74,9.495136825,765.7205085,1894.498177399757,172.15599,不适宜
232,108.25,33.46,9.463994,759.27878,1892.5884848484845,181.30421,不适宜
233,108.25,33.47,9.528204888888888,740.687951111111,1881.609933373713,187.3295,不适宜
234,108.25,33.48,9.416748888888888,697.4674316666667,1881.3763570566948,182.0335,不适宜
235,108.25,33.49,9.092566055555555,681.0065822222223,1881.5799031476995,188.01312,不适宜
236,108.25,33.5,9.077125111111112,702.1786099999998,1884.4881889763778,186.3269,不适宜
237,108.25,33.51,9.6521785,730.8957111111112,1886.7204366282594,184.05656,不适宜
238,108.25,33.52,10.258505866666667,726.1600946666666,1886.830303030303,182.76843,不适宜
239,108.25,33.53,10.548318194444445,674.8729799999999,1889.3995157384988,178.52744,不适宜
240,108.25,33.54,10.654159388888889,603.5696433333333,1888.3071342200728,181.90636,不适宜
241,108.25,33.55,10.822060666666669,566.1032533333333,1886.4548758328285,174.54175,不适宜
242,108.25,33.56,11.1127494,564.007846,1884.2049727107337,172.02235,不适宜
243,108.25,33.57,11.243977777777777,566.7381261111111,1875.4212121212122,173.01102,不适宜
244,108.25,33.58,11.0963755,569.5628222222223,1859.1219660194174,178.94997,不适宜
245,108.25,33.59,10.70540175,586.1595555555556,1847.86630369026,177.27336,适宜
246,108.25,33.6,10.327307166666667,623.5437579999999,1842.7254545454546,175.8832,不适宜
247,108.25,33.61,10.308432333333334,667.8282575000002,1843.8133333333333,174.78888,不适宜
248,108.25,33.62,10.636368249999997,687.5660077777778,1852.1328883495146,168.04556,不适宜
249,108.25,33.63,11.201600083333332,690.6595927777777,1855.8659793814434,173.43498,适宜
250,108.25,33.64,11.700879800000001,674.1729606666665,1859.2360436893205,177.35431,不适宜
251,108.25,33.65,11.933017777777778,674.3634972222222,1862.753631961259,178.02328,不适宜
252,108.25,33.66,11.836463416666668,684.7922444444445,1859.4372346876894,177.46567,不适宜
253,108.25,33.67,10.391314472222223,613.5842872222222,1858.258044930176,182.65356,不适宜
254,108.25,33.68,9.37643663888889,540.1836305555556,1857.4921116504854,177.38531,不适宜
255,108.25,33.69,9.616512722222224,510.0461183333333,1858.0922330097087,182.3011,不适宜
256,108.25,33.7,9.598770722222222,522.3007383333334,1868.8393939393939,184.1646,不适宜
257,108.25,33.71,9.400571527777778,551.3025094444445,1872.9119611414692,181.54555,不适宜
258,108.25,33.72,9.223846472222222,579.0244738888888,1878.1025485436894,174.86946,不适宜
259,108.25,33.73,9.23949275,624.5641861111112,1881.7314702308627,174.75266,不适宜
260,108.25,33.74,9.405088600000001,698.068798,1890.1463266545234,171.56927,不适宜
261,108.26,33.46,9.574955,524.3131800000001,1861.9570217917678,178.01836,不适宜
262,108.26,33.47,9.508541805555556,549.9585694444444,1865.3636911942099,179.18645,不适宜
263,108.26,33.48,9.50899025,610.9494494444444,1862.0036341611144,180.82132,不适宜
264,108.26,33.49,9.618598722222222,659.283965,1864.8945454545456,178.3957,不适宜
265,108.26,33.5,9.60341261111111,670.308048888889,1872.091515151515,178.06209,不适宜
266,108.26,33.51,9.282982861111112,667.8983261111111,1885.4278787878789,176.40602,不适宜
267,108.26,33.52,8.891254233333333,682.0132113333333,1895.1332525741975,174.58224,不适宜
268,108.26,33.53,8.817918666666667,716.9379166666666,1894.4728260869565,185.21037,不适宜
269,108.26,33.54,9.290093805555555,752.6199716666667,1889.7630303030303,188.89429,不适宜
270,108.26,33.55,10.004915944444445,746.5057733333333,1879.2086112795635,189.55385,不适宜
271,108.26,33.56,10.5330226,680.9878806666667,1873.6315151515153,192.3892,不适宜
272,108.26,33.57,10.75621436111111,617.2947449999999,1874.630078835658,188.46648,不适宜
273,108.26,33.58,10.956589944444444,580.9430427777777,1877.3492736077483,182.88644,不适宜
274,108.26,33.59,11.135713666666668,569.0395133333334,1869.908540278619,185.09688,不适宜
275,108.26,33.6,11.1533269,556.1888593333333,1847.2078787878788,184.84172,不适宜
276,108.26,33.61,10.88356675,553.04611,1820.5910194174755,179.55003,不适宜
277,108.26,33.62,10.59648475,576.3257605555556,1802.751213592233,179.89008,不适宜
278,108.26,33.63,10.42792725,629.7685805555556,1785.9229836264403,179.36523,不适宜
279,108.26,33.64,10.6589226,689.4331013333333,1776.814769975787,177.38503,不适宜
280,108.26,33.65,11.17181675,727.75319,1779.331109763493,173.03584,不适宜
281,108.26,33.66,11.643488222222222,737.2225599999999,1785.997572815534,162.86247,不适宜
282,108.26,33.67,11.837168777777778,726.7107533333333,1800.5944140862173,173.8635,不适宜
283,108.26,33.68,11.826382444444445,720.763628888889,1810.2445388349515,182.6168,不适宜
284,108.26,33.69,11.346669694444444,702.3022488888889,1807.6049757281553,179.07454,不适宜
285,108.26,33.7,10.579423750000002,618.892206111111,1804.9745454545455,179.14993,不适宜
286,108.26,33.71,9.611920194444444,539.0199905555555,1805.0321601941748,173.60947,不适宜
287,108.26,33.72,9.758568305555555,501.0394333333334,1806.805589307412,180.98592,不适宜
288,108.26,33.73,9.700562333333334,497.95810888888883,1819.052216150577,183.2908,不适宜
289,108.26,33.74,9.5570398,505.09122533333334,1817.8513349514565,185.28685,不适宜
290,108.27,33.46,9.7694796,514.9838500000001,1821.8267954133978,174.72696,不适宜
291,108.27,33.47,9.831414183333333,528.7562836666666,1825.5336159903088,174.47313,不适宜
292,108.27,33.48,9.80788075,551.0675726666667,1828.991520290733,177.47975,不适宜
293,108.27,33.49,9.677151666666667,564.9220230000001,1822.0957575757573,183.93709,不适宜
294,108.27,33.5,9.596826100000001,581.8362223333334,1807.200606060606,186.59189,不适宜
295,108.27,33.51,9.679814966666667,604.3576123333333,1787.7669491525423,191.11995,不适宜
296,108.27,33.52,9.813024100000002,618.7907872,1772.9764492753623,191.22913,不适宜
297,108.27,33.53,9.784991766666666,624.8071893333333,1764.1636363636364,189.04384,不适宜
298,108.27,33.54,9.506430266666667,635.9587676666666,1757.9605821710127,185.18475,不适宜
299,108.27,33.55,9.258407833333333,665.1776593333335,1757.232868405094,191.13396,不适宜
300,108.27,33.56,9.443173999999999,710.901802,1756.821212121212,191.77689,不适宜
301,108.27,33.57,9.939953533333334,735.6556946666667,1757.8449424591156,192.0418,不适宜
302,108.27,33.58,10.473369100000001,726.632033,1766.093107617896,188.39561,不适宜
303,108.27,33.59,10.79708705,692.6139206666668,1780.397816858702,179.32663,不适宜
304,108.27,33.6,10.97593016,662.147436,1800.705275924803,175.91086,不适宜
305,108.27,33.61,11.08668875,633.912072,1824.2324029126214,178.86775,不适宜
306,108.27,33.62,11.0931004,600.7521049999999,1834.763349514563,181.81633,不适宜
307,108.27,33.63,10.97349078333333,559.960408,1830.4300423985464,182.63005,不适宜
308,108.27,33.64,10.72857838,552.0850484,1821.0830303030305,182.42451,不适宜
309,108.27,33.65,10.5508079,594.669256,1807.0236650485435,179.40297,不适宜
310,108.27,33.66,10.6883378,672.5485906666667,1793.8834244080144,180.8352,不适宜
311,108.27,33.67,11.190794833333333,746.2980833333334,1779.5533980582525,185.70898,适宜
312,108.27,33.68,11.727720849999999,787.4587276666666,1765.3567961165052,183.053,不适宜
313,108.27,33.69,11.923210316666665,790.3047533333335,1751.4336765596609,187.28658,不适宜
314,108.27,33.7,11.8098319,779.0030333333334,1750.9769417475727,181.1124,不适宜
315,108.27,33.71,11.67847118333333,759.2943313333333,1746.989678202793,176.88046,不适宜
316,108.27,33.72,10.998662483333332,702.959246,1742.524908869988,180.76828,不适宜
317,108.27,33.73,10.246335616666666,608.5452426666667,1733.9083181542196,190.14575,不适宜
318,108.27,33.74,9.75015064,538.233334,1726.0473876063184,186.55759,不适宜
319,108.28,33.46,11.331900500000001,590.8006,1743.9569696969697,184.8119,不适宜
320,108.28,33.47,10.431880083333333,557.2789633333334,1734.191888619855,178.90083,不适宜
321,108.28,33.48,10.179211583333334,541.7669466666666,1718.2645278450364,177.02487,不适宜
322,108.28,33.49,9.885460541666667,576.5165358333334,1709.0121138703817,172.71037,不适宜
323,108.28,33.5,9.926917708333336,624.3990474999999,1705.8190072639225,173.55998,不适宜
324,108.28,33.51,9.821268625,646.46762,1704.2350453172207,172.03221,不适宜
325,108.28,33.52,9.72780905,639.3707909999999,1712.451847365233,164.07552,不适宜
326,108.28,33.53,9.790026708333333,622.8225533333333,1734.8921865536038,171.58818,不适宜
327,108.28,33.54,10.013409291666667,607.903865,1744.2092177077018,176.3674,不适宜
328,108.28,33.55,10.166561291666667,599.5809058333333,1745.4584596725288,181.36624,不适宜
329,108.28,33.56,10.0434557,602.623255,1741.5754088431256,179.40546,不适宜
330,108.28,33.57,9.89006275,619.8409891666666,1737.968561064087,175.89717,不适宜
331,108.28,33.58,9.977126083333333,650.3628841666666,1748.168484848485,169.55319,不适宜
332,108.28,33.59,10.320368250000001,679.3100866666667,1755.1340206185566,174.51848,不适宜
333,108.28,33.6,10.695796299999998,694.8584189999999,1753.4908980582525,179.522,适宜
334,108.28,33.61,10.916634687499998,703.10632375,1751.1273499090357,171.90024,适宜
335,108.28,33.62,10.976502416666667,706.7130566666667,1745.0260764099453,180.0067,适宜
336,108.28,33.63,10.976925291666666,692.5883266666667,1741.615849969752,181.69678,适宜
337,108.28,33.64,10.886888500000001,644.0927089999999,1743.509708737864,183.21709,不适宜
338,108.28,33.65,10.762249083333334,584.4127599999999,1740.4572468162523,183.57327,不适宜
339,108.28,33.66,10.652244166666668,556.6344458333333,1740.2773058252428,180.28976,不适宜
340,108.28,33.67,10.628117541666668,590.3826125,1746.522161505768,183.65146,不适宜
341,108.28,33.68,10.85483125,673.0750291666667,1742.6058217101277,190.6888,不适宜
342,108.28,33.69,11.354849625,762.8410566666668,1742.871515151515,185.36977,不适宜
343,108.28,33.7,11.81360675,821.0794333333333,1736.368932038835,180.45633,不适宜
344,108.28,33.71,11.88920975,834.0198249999999,1720.299150485437,180.84909,适宜
345,108.28,33.72,11.644635624999998,814.500095,1709.3169398907103,178.69778,不适宜
346,108.28,33.73,11.435686416666668,791.7716399999999,1707.5452337583486,180.78423,不适宜
347,108.28,33.74,10.988302200000001,731.1677289999999,1710.7275485436894,178.82472,不适宜
348,108.29,33.46,11.34026375,779.1767524999999,1727.5284848484848,178.06989,不适宜
349,108.29,33.47,11.062911625000002,740.0151987499999,1738.3674334140435,177.77617,不适宜
350,108.29,33.48,10.7792876875,674.7833695833334,1754.421562689279,182.47342,不适宜
351,108.29,33.49,10.6033533125,612.0176316666666,1769.1258318209316,192.86801,不适宜
352,108.29,33.5,10.259110958333332,582.5360483333334,1782.8924471299097,186.4522,不适宜
353,108.29,33.51,10.023251416666666,613.4737162499999,1797.8374772589448,180.77803,不适宜
354,108.29,33.52,10.075074325,679.5290140000001,1813.168484848485,174.84598,不适宜
355,108.29,33.53,10.1346396875,736.2644304166666,1814.4260606060607,177.70818,不适宜
356,108.29,33.54,10.043734291666667,746.0148041666667,1812.9969696969697,173.26611,不适宜
357,108.29,33.55,9.989065104166666,703.3618904166668,1818.9854721549636,172.17914,不适宜
358,108.29,33.56,10.19452825,640.975911,1820.8076225045372,180.00264,不适宜
359,108.29,33.57,10.48801275,600.6710775,1814.4145454545455,181.53531,不适宜
360,108.29,33.58,10.643307,575.7841729166666,1797.8520315342632,176.33406,不适宜
361,108.29,33.59,10.5417705,568.68817375,1785.9878640776697,173.83961,不适宜
362,108.29,33.6,10.427110175000001,573.979369,1777.6648484848486,172.73282,不适宜
363,108.29,33.61,10.48440890625,586.90828875,1775.8878107944208,177.4244,不适宜
364,108.29,33.62,10.566076395833333,601.6743558333334,1779.3920145190564,185.35695,不适宜
365,108.29,33.63,10.626065645833334,630.1995120833333,1777.1309884778655,185.68593,不适宜
366,108.29,33.64,10.63805945,670.7450174999999,1773.985436893204,178.02916,不适宜
367,108.29,33.65,10.588004374999999,698.3290804166667,1782.7125530624621,169.23148,不适宜
368,108.29,33.66,10.4522155,686.66097375,1794.1080097087379,172.6808,不适宜
369,108.29,33.67,10.309469437499999,636.87351375,1794.447752126367,172.33974,不适宜
370,108.29,33.68,10.331116937500001,585.9661091666666,1795.3710653753026,175.75809,不适宜
371,108.29,33.69,10.536860250000002,578.82489375,1795.6636308439588,181.45155,不适宜
372,108.29,33.7,10.860672875,631.5709704166667,1797.591985428051,171.1294,不适宜
373,108.29,33.71,11.292237145833333,721.6007354166667,1808.35883424408,165.55603,不适宜
374,108.29,33.72,11.688173354166667,806.1278337499999,1814.4881458966565,167.86177,不适宜
375,108.29,33.73,11.745087374999999,850.9617837500001,1822.819064966606,168.8754,不适宜
376,108.29,33.74,11.436320149999998,848.9003789999999,1834.1248484848484,178.7146,不适宜
377,108.3,33.46,11.591269,811.7768166666666,1818.7286493034524,161.20273,不适宜
378,108.3,33.47,11.683232722222222,806.4137333333333,1826.0339188370683,161.09499,不适宜
379,108.3,33.48,11.550994444444443,766.6920238888889,1827.486111111111,161.56589,不适宜
380,108.3,33.49,11.04955475,715.9784172222223,1827.2365396249247,168.20802,不适宜
381,108.3,33.5,10.49284338888889,678.3444561111111,1818.1780738946093,172.09074,不适宜
382,108.3,33.51,10.265110555555555,649.3055155555555,1799.5,175.38124,不适宜
383,108.3,33.52,10.214501500000003,624.4285066666667,1777.3078787878787,178.97205,不适宜
384,108.3,33.53,10.143091138888888,628.2236516666667,1758.970926711084,179.34702,不适宜
385,108.3,33.54,10.049311777777776,681.79021,1748.322834645669,185.04453,不适宜
386,108.3,33.55,10.327008805555554,765.6532555555553,1737.8428053204352,191.95331,不适宜
387,108.3,33.56,10.415144533333333,818.0988353333333,1726.1686893203882,188.79192,不适宜
388,108.3,33.57,10.255957555555556,791.2130961111111,1723.7545454545455,187.79143,不适宜
389,108.3,33.58,10.119239777777777,713.764898888889,1723.569696969697,183.76437,不适宜
390,108.3,33.59,10.296075666666667,632.57485,1721.7319587628863,180.52797,不适宜
391,108.3,33.6,10.6383846,575.3380053333334,1724.8587022437841,183.1196,不适宜
392,108.3,33.61,10.721514708333334,550.1722641666667,1732.1475211608222,171.59386,不适宜
393,108.3,33.62,10.577008444444447,544.125635,1745.0521844660195,170.0794,不适宜
394,108.3,33.63,10.373699166666666,533.9169027777778,1760.0812613705275,179.95198,不适宜
395,108.3,33.64,10.159705066666668,520.446262,1768.903460837887,188.95354,不适宜
396,108.3,33.65,9.925558694444446,522.1164194444444,1777.2384708737864,186.12494,不适宜
397,108.3,33.66,9.755744250000001,554.9603294444445,1786.9357186173438,182.84528,不适宜
398,108.3,33.67,9.735256583333333,608.7819994444444,1794.4141904184357,176.84949,不适宜
399,108.3,33.68,9.727414999999999,648.4987700000001,1803.3577926015769,178.67665,不适宜
400,108.3,33.69,9.628380888888888,649.0796672222223,1810.4511232544019,182.94101,不适宜
401,108.3,33.7,9.697789361111111,619.3867888888889,1807.9041262135925,175.17879,适宜
402,108.3,33.71,10.120149305555556,592.1569683333333,1806.6832524271845,175.57948,不适宜
403,108.3,33.72,10.687070611111112,600.3483688888889,1809.3387978142077,175.79112,不适宜
404,108.3,33.73,11.200525527777778,655.5506872222222,1816.1961141469337,176.19669,不适宜
405,108.3,33.74,11.563404133333332,730.101054,1816.057004244997,187.52783,不适宜
406,108.31,33.46,10.581360000000002,673.9774866666667,1815.4566929133857,188.22954,不适宜
407,108.31,33.47,10.936556166666668,698.2429322222223,1803.0585395292696,185.6143,不适宜
408,108.31,33.48,11.370634944444443,728.7917966666668,1795.227602905569,182.1038,不适宜
409,108.31,33.49,11.565868750000002,724.6821294444445,1783.922471229558,184.29613,不适宜
410,108.31,33.5,11.493061805555556,684.0589861111112,1775.709267110842,188.0294,不适宜
411,108.31,33.51,11.140248722222223,637.7830144444445,1771.0770163735597,193.53976,不适宜
412,108.31,33.52,10.703415266666667,619.3976813333334,1760.6135675348273,189.25569,不适宜
413,108.31,33.53,10.36947088888889,631.1239961111111,1751.5841404358353,186.78593,不适宜
414,108.31,33.54,10.228114361111109,637.1572822222222,1748.4519056261342,184.019,不适宜
415,108.31,33.55,10.081897277777777,655.4383899999999,1746.3549364021806,187.33444,不适宜
416,108.31,33.56,10.003549233333334,706.2662700000001,1747.8047301394786,185.00056,不适宜
417,108.31,33.57,10.213157444444445,764.8783355555555,1757.381443298969,188.33548,不适宜
418,108.31,33.58,10.40701475,808.6068583333333,1764.5151515151515,182.85892,不适宜
419,108.31,33.59,10.311166833333333,797.6930716666668,1776.0006071645416,178.23373,不适宜
420,108.31,33.6,10.004930299999998,729.0259833333333,1788.9691656590085,175.01244,不适宜
421,108.31,33.61,9.867610416666666,634.2085725,1795.0060642813824,175.68646,不适宜
422,108.31,33.62,9.997164055555556,579.4826127777778,1794.7701637355974,180.94908,不适宜
423,108.31,33.63,10.191787027777778,549.1146433333333,1785.040630685264,185.60445,不适宜
424,108.31,33.64,10.235870133333332,549.9455973333334,1769.0631451123254,189.99503,不适宜
425,108.31,33.65,10.109328583333332,547.3467272222222,1746.733171619163,191.22235,不适宜
426,108.31,33.66,9.800075694444445,521.7507911111111,1722.1309884778655,189.9908,不适宜
427,108.31,33.67,9.344773916666666,494.00824,1707.259236826166,185.60658,不适宜
428,108.31,33.68,8.963505972222222,495.31179999999995,1698.6668689320388,183.13583,不适宜
429,108.31,33.69,8.849016527777778,529.488755,1693.2334346504558,178.72702,不适宜
430,108.31,33.7,8.93963175,571.9752816666667,1700.939927184466,174.27132,不适宜
431,108.31,33.71,9.074956722222224,598.4052005555556,1705.8052184466019,172.98169,不适宜
432,108.31,33.72,9.328156222222221,606.4446411111111,1706.2515188335358,179.17152,不适宜
433,108.31,33.73,9.872114444444446,608.592315,1709.3991520290733,179.41167,不适宜
434,108.31,33.74,10.515128133333333,616.661206,1707.7379939209725,181.59535,不适宜
435,108.32,33.46,9.291360000000001,639.0477333333333,1685.1099697885195,183.66814,不适宜
436,108.32,33.47,9.686085555555554,661.2803483333334,1689.6004842615012,181.9618,不适宜
437,108.32,33.48,10.445501111111112,685.8677283333334,1692.627653123105,174.76115,不适宜
438,108.32,33.49,11.062836916666667,694.4227733333333,1701.5414900060568,169.545,不适宜
439,108.32,33.5,11.360156944444446,687.0087877777777,1710.9557843731072,173.55313,不适宜
440,108.32,33.51,11.412418388888888,654.675796111111,1717.1733333333334,172.2393,不适宜
441,108.32,33.52,11.338068333333334,605.5314026666667,1727.5713422007254,173.12662,不适宜
442,108.32,33.53,11.162925055555556,559.3747055555556,1739.595525997582,172.9285,不适宜
443,108.32,33.54,10.890108833333334,550.8210811111111,1750.1358399029716,175.80856,不适宜
444,108.32,33.55,10.618672305555553,582.23385,1746.9733333333334,185.11253,不适宜
445,108.32,33.56,10.396296666666666,626.6955586666667,1738.4004854368932,181.1316,不适宜
446,108.32,33.57,10.193129027777777,666.1245777777779,1721.4533333333334,175.69632,不适宜
447,108.32,33.58,9.977725944444446,721.9772566666666,1708.6193939393938,170.36716,不适宜
448,108.32,33.59,9.982316250000002,771.812651111111,1695.4059286146398,171.89311,不适宜
449,108.32,33.6,10.046942233333333,791.033198,1678.0187764990917,176.48792,不适宜
450,108.32,33.61,9.879736916666667,760.5109233333333,1662.2853673345476,177.00366,不适宜
451,108.32,33.62,9.638797722222222,707.9716416666668,1645.997574287447,183.58539,不适宜
452,108.32,33.63,9.436959583333334,631.8637772222222,1635.609460278957,181.43802,不适宜
453,108.32,33.64,9.447844233333333,566.5490306666667,1635.8719660194172,180.1451,不适宜
454,108.32,33.65,9.566210416666665,544.3103372222222,1638.8944174757282,179.1224,不适宜
455,108.32,33.66,9.677945222222224,564.7092327777777,1643.0483968542044,176.70598,不适宜
456,108.32,33.67,9.693932166666666,583.8650616666666,1657.212507589557,174.12852,不适宜
457,108.32,33.68,9.47242288888889,564.3637594444444,1672.4368932038835,180.12209,不适宜
458,108.32,33.69,9.023001138888889,522.2662461111111,1686.348512446873,184.51344,不适宜
459,108.32,33.7,8.595806916666666,497.3524433333334,1698.5503640776699,181.44672,不适宜
460,108.32,33.71,8.439442916666668,503.5106566666667,1708.6102003642986,172.21062,不适宜
461,108.32,33.72,8.569142388888888,525.2109138888889,1721.4660194174758,174.39352,不适宜
462,108.32,33.73,8.844202944444445,547.7293688888889,1731.9454214675561,181.8939,不适宜
463,108.32,33.74,9.235965233333333,571.5165193333333,1736.6707168894288,183.77011,适宜
464,108.33,33.46,8.760359666666666,521.7140633333333,1739.5836363636363,185.7499,不适宜
465,108.33,33.47,8.911285277777777,542.1989011111111,1737.649303452453,189.88513,不适宜
466,108.33,33.48,9.313187027777778,603.0741155555556,1729.6240145542754,196.33092,不适宜
467,108.33,33.49,9.92874886111111,677.7843883333333,1723.9903147699758,199.57678,不适宜
468,108.33,33.5,10.650672916666668,724.9835227777777,1727.837167070218,196.5112,不适宜
469,108.33,33.51,11.208207277777777,723.1245644444444,1727.5925030229746,197.00017,不适宜
470,108.33,33.52,11.405960866666668,688.2290486666666,1732.7543859649122,192.6295,不适宜
471,108.33,33.53,11.326280722222222,634.6243483333334,1733.7539393939394,201.43742,不适宜
472,108.33,33.54,11.135967805555556,568.6202544444444,1721.1921212121213,207.0915,不适宜
473,108.33,33.55,10.9891855,514.0573755555555,1712.169696969697,201.5011,不适宜
474,108.33,33.56,10.880820366666667,505.4176706666667,1701.6978155339805,200.96112,不适宜
475,108.33,33.57,10.783276111111112,531.6685894444445,1688.6024242424241,199.57658,不适宜
476,108.33,33.58,10.624899305555555,587.4209288888889,1671.9111245465538,197.57935,不适宜
477,108.33,33.59,10.35349836111111,655.1298411111112,1649.1672727272728,195.69829,不适宜
478,108.33,33.6,10.034850366666667,732.2819926666667,1630.4050939963615,194.0211,不适宜
479,108.33,33.61,9.753991583333335,786.8045216666666,1621.9799757281553,187.62222,不适宜
480,108.33,33.62,9.539847861111111,781.2246577777779,1622.3796240145543,182.64658,不适宜
481,108.33,33.63,9.223613666666665,732.1763544444444,1630.4693753790175,181.54503,不适宜
482,108.33,33.64,9.013756066666666,663.4266266666665,1648.3636915604127,175.41156,不适宜
483,108.33,33.65,9.038206805555555,599.59723,1662.6793708408954,173.32515,不适宜
484,108.33,33.66,9.19503925,551.2763044444445,1679.818567961165,176.77158,适宜
485,108.33,33.67,9.27963988888889,541.4693927777778,1687.2627427184466,182.44806,不适宜
486,108.33,33.68,9.292080833333333,574.576283888889,1677.1705097087379,181.198,不适宜
487,108.33,33.69,9.304024611111112,615.8313405555556,1667.1002430133658,180.19577,不适宜
488,108.33,33.7,9.234725888888889,620.907585,1653.5285194174758,184.10861,不适宜
489,108.33,33.71,9.010855277777777,585.1950316666666,1638.8125,179.65692,不适宜
490,108.33,33.72,8.731838861111111,543.8786833333334,1631.5357575757575,179.18921,不适宜
491,108.33,33.73,8.597643666666666,521.9479066666667,1618.9617486338798,178.76546,不适宜
492,108.33,33.74,8.6759114,515.815476,1611.7379939209727,176.7468,不适宜
493,108.34,33.46,9.3102185,552.44433,1627.5451241671715,183.27689,不适宜
494,108.34,33.47,9.263154291666666,538.5523125,1624.6785714285713,172.14252,不适宜
495,108.34,33.48,9.259286833333334,514.9807608333333,1626.6096969696969,168.70828,不适宜
496,108.34,33.49,9.392711875,516.9320795833333,1626.6912832929781,178.68648,不适宜
497,108.34,33.5,9.683742333333333,579.3870620833334,1615.7572463768115,183.89499,不适宜
498,108.34,33.51,10.164875395833334,680.9757275000001,1608.16,179.01917,不适宜
499,108.34,33.52,10.732173775,750.3136895,1599.838885523925,172.09694,不适宜
500,108.34,33.53,11.215047104166667,760.2103041666668,1590.2104305639784,174.40587,不适宜
501,108.34,33.54,11.376275895833334,715.6726525,1590.9824455205812,177.30804,不适宜
502,108.34,33.55,11.176212854166664,642.1445262500001,1596.1847365233193,175.38683,不适宜
503,108.34,33.56,10.882809550000001,557.53589,1607.8635536688903,172.14703,不适宜
504,108.34,33.57,10.757776625,500.93735875000004,1627.8798309178744,169.47937,不适宜
505,108.34,33.58,10.746483791666666,470.58567624999995,1646.8921865536038,168.35101,不适宜
506,108.34,33.59,10.768429645833333,494.0274920833333,1673.5618932038835,168.43121,不适宜
507,108.34,33.6,10.687882475,546.3099070000001,1699.981212121212,171.64066,不适宜
508,108.34,33.61,10.4149341875,641.3687825,1718.7180109157066,169.17339,不适宜
509,108.34,33.62,10.1176048125,725.9565545833334,1721.9472727272728,179.41907,不适宜
510,108.34,33.63,9.729370833333334,793.6625170833333,1724.6561552456035,181.51677,不适宜
511,108.34,33.64,9.177507400000001,778.391795,1725.4318594791037,180.90439,不适宜
512,108.34,33.65,8.617857916666667,702.9931525,1723.4175757575758,190.32823,不适宜
513,108.34,33.66,8.424334083333333,619.71803,1723.6889428918591,186.50865,适宜
514,108.34,33.67,8.758688020833333,560.6521616666666,1726.115291262136,184.56673,不适宜
515,108.34,33.68,9.200995229166667,526.2094054166666,1737.6767738023043,182.60182,不适宜
516,108.34,33.69,9.348780833333333,528.1343641666667,1748.5886998784933,187.17213,不适宜
517,108.34,33.7,9.261457083333333,581.2387158333333,1750.6624165148755,187.16768,不适宜
518,108.34,33.71,9.241351041666666,649.9054249999999,1745.0648092065414,191.30222,不适宜
519,108.34,33.72,9.314112395833334,674.6279175000001,1740.0443499392466,183.82103,适宜
520,108.34,33.73,9.298643583333334,644.2524045833334,1732.8700667880996,183.28922,不适宜
521,108.34,33.74,9.191410775,598.9590565,1722.5352369380316,184.94911,不适宜
522,108.35,33.46,9.674814666666666,663.9033533333334,1721.5910465819723,197.85048,不适宜
523,108.35,33.47,9.825151944444444,633.3257733333334,1710.645278450363,196.14284,不适宜
524,108.35,33.48,10.009807444444444,603.2741394444445,1699.5728977616452,193.54713,不适宜
525,108.35,33.49,10.026870944444443,595.5050538888889,1698.2996978851963,192.81319,不适宜
526,108.35,33.5,10.008702444444445,576.4518405555556,1698.9182313749245,188.79373,不适宜
527,108.35,33.51,10.06700838888889,546.3939349999999,1699.5451788963007,179.22092,不适宜
528,108.35,33.52,10.183265266666668,553.709412,1701.1478787878789,173.12138,不适宜
529,108.35,33.53,10.362782888888889,626.8027833333333,1709.7815533980583,177.16649,不适宜
530,108.35,33.54,10.655063222222221,733.0005372222222,1719.9963658388856,184.91689,不适宜
531,108.35,33.55,10.969572638888888,782.4192316666667,1732.321212121212,178.96724,不适宜
532,108.35,33.56,11.0852147,745.0028653333334,1742.7363966142684,183.52599,不适宜
533,108.35,33.57,10.895890999999999,672.8835816666667,1753.17828987265,183.47305,不适宜
534,108.35,33.58,10.584634,588.7864572222222,1760.246508803886,183.18611,不适宜
535,108.35,33.59,10.406101999999999,518.8651083333333,1759.5603395997575,184.55913,不适宜
536,108.35,33.6,10.414285533333333,474.42434333333335,1752.6282595512432,178.04643,不适宜
537,108.35,33.61,10.509132333333334,476.0064000000001,1744.1098967820278,180.47852,适宜
538,108.35,33.62,10.529039888888889,502.3941022222222,1731.8636363636363,187.84592,不适宜
539,108.35,33.63,10.418322111111111,577.6524122222223,1711.8976997578695,187.62506,不适宜
540,108.35,33.64,10.1705866,687.2648273333333,1691.8077622801698,183.96759,不适宜
541,108.35,33.65,9.843016722222222,786.7208672222222,1679.107337780473,181.10593,不适宜
542,108.35,33.66,9.322501,790.1077255555556,1664.0273390036452,184.56418,不适宜
543,108.35,33.67,8.51493578888889,684.8878849999999,1644.6802184466019,183.9197,不适宜
544,108.35,33.68,8.049826377777777,575.8530422222223,1626.1273499090357,188.36626,不适宜
545,108.35,33.69,8.42026508888889,526.9791988888888,1605.2630619684082,181.96535,不适宜
546,108.35,33.7,9.244515472222222,512.4019583333334,1593.2298362644026,180.44652,不适宜
547,108.35,33.71,9.703943722222222,520.6858155555556,1586.2507589556767,173.4702,不适宜
548,108.35,33.72,9.62255063888889,572.4306922222222,1586.7383120825743,165.75383,不适宜
549,108.35,33.73,9.485832388888888,653.5222077777777,1596.5421979356404,173.44301,不适宜
550,108.35,33.74,9.575913566666667,705.5067386666668,1608.0194410692588,174.2455,不适宜
551,108.36,33.46,9.765768,693.275225,1614.785238959468,178.7741,不适宜
552,108.36,33.47,9.792221,706.3985766666668,1629.074879227053,182.0367,不适宜
553,108.36,33.48,9.919888916666666,690.0893341666667,1638.7421307506054,177.3073,不适宜
554,108.36,33.49,10.208384125,644.0095708333332,1637.3434282253181,176.56795,不适宜
555,108.36,33.5,10.516484,620.2624466666666,1633.8054545454545,184.29477,不适宜
556,108.36,33.51,10.66880525,636.6215925,1628.320606060606,181.93425,不适宜
557,108.36,33.52,10.6827638,655.5583049999999,1621.27602905569,182.6264,不适宜
558,108.36,33.53,10.688454083333335,647.2219941666666,1608.4226804123712,188.23085,不适宜
559,108.36,33.54,10.718757166666666,629.4595125000001,1598.9424939467312,189.94646,不适宜
560,108.36,33.55,10.741318708333335,652.5137675,1592.450151057402,192.01892,不适宜
561,108.36,33.56,10.7438649,719.652881,1586.6019417475727,180.39587,不适宜
562,108.36,33.57,10.718678999999998,759.9563366666666,1583.5260606060606,180.45703,不适宜
563,108.36,33.58,10.591833333333334,750.002255,1576.9975728155337,181.52277,不适宜
564,108.36,33.59,10.339454291666668,691.578385,1573.6369696969698,180.09834,适宜
565,108.36,33.6,10.079403999999998,611.647695,1578.7716535433071,183.67459,不适宜
566,108.36,33.61,9.9740303125,536.76434125,1575.1742562234365,186.52173,不适宜
567,108.36,33.62,10.018909583333334,499.93045916666665,1576.9485472154963,182.01494,不适宜
568,108.36,33.63,10.117956916666666,480.2675749999999,1580.4169696969695,183.62044,不适宜
569,108.36,33.64,10.179798,504.25914,1578.5573770491803,180.75418,不适宜
570,108.36,33.65,10.148173583333334,562.6535875,1578.1462378640776,182.42247,不适宜
571,108.36,33.66,10.017133833333332,667.4995008333334,1575.0728597449909,181.74641,不适宜
572,108.36,33.67,9.83065875,752.5733125,1575.8568829593694,176.87134,不适宜
573,108.36,33.68,9.328124333333333,749.9683858333333,1585.6915151515152,171.7497,适宜
574,108.36,33.69,8.623309008333333,657.4531908333332,1597.4714459295262,174.3219,不适宜
575,108.36,33.7,8.171247641666666,556.5316308333333,1603.5823244552057,178.31247,不适宜
576,108.36,33.71,8.349445033333332,520.6650983333334,1616.6069258809234,177.8553,不适宜
577,108.36,33.72,9.015335691666666,538.2378024999999,1627.7645631067958,169.35773,不适宜
578,108.36,33.73,9.588202458333335,564.6365825,1634.0412621359224,166.94464,适宜
579,108.36,33.74,9.77527175,595.3232800000001,1639.8407294832828,161.30618,适宜
580,108.37,33.46,8.441933075,687.4245099999998,1642.4048338368577,171.6739,不适宜
581,108.37,33.47,8.814989770833334,679.1616875,1646.416817906836,179.75264,不适宜
582,108.37,33.48,9.309918645833333,680.623705,1642.5910194174755,181.4253,不适宜
583,108.37,33.49,9.5392144375,698.3652191666667,1637.411373260738,175.13576,不适宜
584,108.37,33.5,9.7179828125,684.2205458333333,1637.6917475728155,175.19781,适宜
585,108.37,33.51,10.097124083333334,628.6656275,1635.8662227602906,173.80511,不适宜
586,108.37,33.52,10.59009335,595.8609935,1634.923682616596,175.30116,不适宜
587,108.37,33.53,10.947583041666666,632.3913904166667,1643.6380145278451,174.96251,不适宜
588,108.37,33.54,11.061346666666667,718.77148375,1645.1565900846433,169.74162,不适宜
589,108.37,33.55,11.0670870625,765.4178795833334,1640.5242424242424,173.16446,不适宜
590,108.37,33.56,11.08225815,735.3783195000002,1639.0297330097087,173.42363,不适宜
591,108.37,33.57,11.030232979166668,702.0991891666666,1638.7642424242424,170.94371,不适宜
592,108.37,33.58,10.853021791666668,710.2135016666667,1640.623786407767,171.81062,适宜
593,108.37,33.59,10.564789125,741.1596729166666,1641.4330708661416,180.11607,不适宜
594,108.37,33.6,10.165289925,742.7360789999999,1633.5009096422077,176.4599,不适宜
595,108.37,33.61,9.713565749999999,694.6124137500002,1639.0545124167172,173.07773,不适宜
596,108.37,33.62,9.495809895833334,639.6369025,1655.0205935796487,173.98065,不适宜
597,108.37,33.63,9.45847975,574.2539845833334,1676.2307225258044,171.03755,不适宜
598,108.37,33.64,9.599982149999999,524.0336035,1703.4760460885384,171.91782,不适宜
599,108.37,33.65,9.754361645833335,497.76364541666663,1724.1649484536083,171.45918,适宜
600,108.37,33.66,9.839705791666667,503.4663116666667,1735.7187120291617,175.62169,适宜
601,108.37,33.67,9.852270416666666,570.22917,1740.7083080654943,179.49355,不适宜
602,108.37,33.68,9.835704083333333,674.1399358333334,1735.2216150576805,183.33763,不适宜
603,108.37,33.69,9.736633083333334,744.8506904166667,1730.4748637189584,186.85472,不适宜
604,108.37,33.7,9.258179458333334,740.8446641666668,1730.5904126213593,185.31886,不适宜
605,108.37,33.71,8.5266045,643.7116275,1726.9258358662617,186.91667,不适宜
606,108.37,33.72,8.1183342,537.4598829166666,1709.9781420765028,192.4057,不适宜
607,108.37,33.73,8.056017645833334,533.4881016666667,1694.509708737864,192.72295,不适宜
608,108.37,33.74,8.477030625,603.37078,1678.2897934386392,192.63226,不适宜
609,108.38,33.46,7.750466566666667,609.54362,1695.463680387409,191.59993,不适宜
610,108.38,33.47,7.760187,680.5066033333333,1694.0556900726394,192.47395,不适宜
611,108.38,33.48,7.958865138888889,763.4044872222222,1694.7145454545455,186.18706,不适宜
612,108.38,33.49,8.43202266111111,761.5274533333334,1687.678982434888,181.87424,不适宜
613,108.38,33.5,8.90580661111111,720.8516888888888,1679.081818181818,177.73491,不适宜
614,108.38,33.51,9.1539945,692.3409588888888,1680.403391883707,177.88078,不适宜
615,108.38,33.52,9.240320533333334,667.363142,1685.2118286059142,171.29161,不适宜
616,108.38,33.53,9.427380444444443,622.21212,1689.9012121212122,166.53796,不适宜
617,108.38,33.54,9.922447055555557,580.1676916666668,1703.6317383403998,165.43346,不适宜
618,108.38,33.55,10.513151555555556,609.5352411111111,1702.2057038834948,170.93376,不适宜
619,108.38,33.56,10.915359033333333,723.7119613333333,1691.6444579043005,173.87627,不适宜
620,108.38,33.57,11.047342055555557,806.8324888888889,1682.5899454875832,177.6965,不适宜
621,108.38,33.58,11.109241972222224,818.3161394444445,1675.1595873786405,176.26009,不适宜
622,108.38,33.59,11.087575555555556,772.9878377777778,1671.6694966646453,173.25899,不适宜
623,108.38,33.6,10.903498766666667,734.6531400000001,1674.983666061706,173.52097,不适宜
624,108.38,33.61,10.49292925,726.2117641666667,1670.7248484848485,177.68929,适宜
625,108.38,33.62,10.051491944444443,720.3155822222222,1659.6628259551246,178.53513,不适宜
626,108.38,33.63,9.488908666666667,694.0249644444444,1646.3363691560412,181.72583,不适宜
627,108.38,33.64,9.1041799,645.9829446666666,1630.8084848484848,180.44719,不适宜
628,108.38,33.65,9.063431833333334,592.284361111111,1622.4824029126214,176.23203,适宜
629,108.38,33.66,9.27693877777778,546.0976666666667,1622.5652701882213,179.6411,不适宜
630,108.38,33.67,9.519124333333334,519.4475072222223,1626.179004854369,178.91457,适宜
631,108.38,33.68,9.643431166666668,515.125685,1630.0224242424242,183.95622,不适宜
632,108.38,33.69,9.655409694444444,584.5573188888889,1624.1764705882354,181.34921,不适宜
633,108.38,33.7,9.657227583333334,691.548645,1617.9138349514562,186.47385,不适宜
634,108.38,33.71,9.701930944444443,764.1251116666668,1606.4763061968408,183.04816,不适宜
635,108.38,33.72,9.062076944444444,741.6380788888889,1601.0315342631898,179.8622,不适宜
636,108.38,33.73,8.355786477777778,644.5728122222222,1599.70613236187,180.38889,不适宜
637,108.38,33.74,7.82789268,553.06047,1598.8905775075991,177.58665,不适宜
638,108.39,33.46,9.593043125,655.44851,1590.10889292196,183.27519,不适宜
639,108.39,33.47,9.425254145833334,613.5811612499999,1577.4830097087379,179.31216,不适宜
640,108.39,33.48,8.398889504166666,581.7858975,1572.982456140351,176.25508,不适宜
641,108.39,33.49,7.551199729166667,627.6484845833334,1576.6446731234867,181.48688,不适宜
642,108.39,33.5,7.6503147333333335,733.17025,1569.182313749243,187.19945,不适宜
643,108.39,33.51,8.0078777875,816.3779816666665,1551.895531400966,188.36127,不适宜
644,108.39,33.52,8.538438695,817.9051694999999,1540.4066666666668,186.52534,不适宜
645,108.39,33.53,9.040149520833333,762.9123245833333,1527.4778653729534,188.9051,不适宜
646,108.39,33.54,9.250760916666666,698.3770066666666,1514.420351302241,192.08305,不适宜
647,108.39,33.55,9.107859625,650.1662875,1513.138349514563,188.44728,不适宜
648,108.39,33.56,8.9724388,601.72164,1520.0660606060603,182.29715,不适宜
649,108.39,33.57,9.2445929375,577.26433625,1526.0981223500908,178.87872,不适宜
650,108.39,33.58,9.850762895833332,608.748305,1527.0333940497876,179.8556,不适宜
651,108.39,33.59,10.391644895833332,703.5567204166667,1521.0803625377644,182.91455,不适宜
652,108.39,33.6,10.7099479,797.9486499999999,1512.0430563978168,187.41055,不适宜
653,108.39,33.61,10.870514374999999,816.1822050000001,1503.0521528198908,190.7246,适宜
654,108.39,33.62,10.888970270833333,781.1551179166667,1495.0703456640388,177.973,适宜
655,108.39,33.63,10.76355675,734.6255691666667,1499.91985428051,172.62096,不适宜
656,108.39,33.64,10.419917325,707.3276629999999,1507.46513038205,173.28899,不适宜
657,108.39,33.65,9.903774645833334,692.2899383333333,1516.8847786537294,177.43524,不适宜
658,108.39,33.66,9.339693458333333,670.5807479166665,1532.762598664238,179.34679,适宜
659,108.39,33.67,8.996165395833334,635.6299504166667,1541.5893397940645,183.27885,不适宜
660,108.39,33.68,9.032599416666667,594.0668450000001,1544.962378640777,180.76735,不适宜
661,108.39,33.69,9.322430729166667,559.4806270833333,1551.3335354760463,179.42747,不适宜
662,108.39,33.7,9.600399354166667,543.7104595833333,1563.4723740133577,180.33391,不适宜
663,108.39,33.71,9.705782958333334,547.2795270833333,1588.9696233292834,169.91368,不适宜
664,108.39,33.72,9.651047708333333,603.00928875,1612.1876138433515,170.04999,不适宜
665,108.39,33.73,9.583051062500001,706.5962362500001,1636.9981773997572,176.2142,不适宜
666,108.39,33.74,9.6119579,760.9377625,1663.9131754705522,179.9846,不适宜
667,108.4,33.46,9.866393125,672.39971,1638.8934624697335,181.27728,不适宜
668,108.4,33.47,9.756301166666667,680.6594233333334,1664.82,180.27664,不适宜
669,108.4,33.48,9.5752765,659.2036941666667,1689.9437046004844,180.03848,不适宜
670,108.4,33.49,9.269247241666667,628.1115779166666,1712.5072463768115,174.71954,不适宜
671,108.4,33.5,8.449448604166665,632.65788875,1746.0557575757575,174.29047,不适宜
672,108.4,33.51,7.928222941666667,686.0773975,1773.3728813559321,182.84349,不适宜
673,108.4,33.52,7.78164769,757.149673,1783.5597331716192,185.5524,不适宜
674,108.4,33.53,8.152795158333333,811.4414433333332,1795.5745454545452,188.64894,不适宜
675,108.4,33.54,8.716694187500002,821.1921454166667,1801.612121212121,190.98296,不适宜
676,108.4,33.55,9.273321708333334,780.9674941666666,1798.4002425712554,184.38736,不适宜
677,108.4,33.56,9.55847395,715.1888660000001,1796.9273167777105,188.43024,不适宜
678,108.4,33.57,9.45303625,664.4906008333335,1788.267716535433,190.51776,不适宜
679,108.4,33.58,9.249953583333333,621.7378366666667,1786.7562008469447,183.3841,不适宜
680,108.4,33.59,9.2947510625,600.5606304166666,1800.7636363636364,185.07957,适宜
681,108.4,33.6,9.642331800000001,620.239661,1816.6448087431695,184.36206,适宜
682,108.4,33.61,10.09123571875,684.4474243750001,1835.3529411764705,184.84981,不适宜
683,108.4,33.62,10.348614104166666,733.0579495833333,1846.3927272727274,182.6538,不适宜
684,108.4,33.63,10.560770416666665,761.1318916666667,1840.6324422843254,182.11469,不适宜
685,108.4,33.64,10.658126075,751.7280745,1848.1690909090908,178.31448,不适宜
686,108.4,33.65,10.598560041666666,726.094045,1846.661809350334,182.60635,不适宜
687,108.4,33.66,10.353466770833334,702.8321420833333,1828.2078787878788,180.62534,不适宜
688,108.4,33.67,9.956910395833333,686.0323575,1816.3500908540282,179.93832,不适宜
689,108.4,33.68,9.532923791666667,667.6547387499999,1794.4453219927095,184.51093,不适宜
690,108.4,33.69,9.278216854166667,641.3988745833333,1761.5212378640774,187.30911,不适宜
691,108.4,33.7,9.307333875,610.2213845833334,1723.1904184354155,192.08496,不适宜
692,108.4,33.71,9.542561083333334,584.5006787499999,1666.338199513382,190.27151,不适宜
693,108.4,33.72,9.790366708333332,573.49429,1624.6058217101274,184.20717,不适宜
694,108.4,33.73,9.890964,576.29326375,1590.9063260340633,183.97266,不适宜
695,108.4,33.74,9.8270116,608.092104,1548.9957524271845,187.14403,不适宜
696,108.41,33.46,10.0586365,623.1355000000001,1561.7586206896551,192.17659,不适宜
697,108.41,33.47,10.178307083333333,616.8207866666667,1530.3155985489723,193.50891,不适宜
698,108.41,33.48,10.234371000000001,627.1662691666667,1503.917824773414,186.59383,不适宜
699,108.41,33.49,10.05062925,618.0940433333334,1479.8415003024804,189.67207,适宜
700,108.41,33.5,9.687821166666666,624.8776283333334,1442.7271073377806,193.91096,不适宜
701,108.41,33.51,9.312854166666668,628.5163641666666,1415.3686440677964,191.98604,不适宜
702,108.41,33.52,8.920558199999999,651.544989,1400.2700242718447,173.9558,不适宜
703,108.41,33.53,8.318025558333334,702.05722,1387.2608958837773,172.30833,不适宜
704,108.41,33.54,8.147112,769.169275,1376.656571774682,179.78015,不适宜
705,108.41,33.55,8.325212833333334,819.3004099999999,1369.962962962963,180.3623,不适宜
706,108.41,33.56,8.8125681,830.3841209999999,1366.512091898428,179.02591,不适宜
707,108.41,33.57,9.317136999999999,801.8126583333335,1373.0732445520584,175.09615,不适宜
708,108.41,33.58,9.771211958333332,749.17352,1377.7089144936324,170.26079,不适宜
709,108.41,33.59,9.935870625000002,697.6155291666666,1381.4060606060607,169.77473,不适宜
710,108.41,33.6,9.82093225,658.0627,1381.1668689320388,173.02667,不适宜
711,108.41,33.61,9.68345075,630.35506875,1374.6333333333334,171.91463,不适宜
712,108.41,33.62,9.723193916666666,622.8625825,1375.443973349485,178.41681,不适宜
713,108.41,33.63,9.867995500000001,635.7065233333334,1391.4149453219927,178.25647,不适宜
714,108.41,33.64,10.03385655,668.636916,1410.6515151515152,174.03755,不适宜
715,108.41,33.65,10.206866624999998,699.6033275,1440.310491206792,173.4526,不适宜
716,108.41,33.66,10.392688333333332,714.4519641666667,1470.7554479418889,170.55197,不适宜
717,108.41,33.67,10.471643833333335,712.8370741666665,1494.4126213592233,170.42511,不适宜
718,108.41,33.68,10.368952166666668,704.4967333333333,1525.4489671931956,168.64297,不适宜
719,108.41,33.69,10.128195083333333,696.4109733333333,1556.3458737864078,174.46371,不适宜
720,108.41,33.7,9.831413291666667,686.8105466666667,1582.0613236187007,176.84863,不适宜
721,108.41,33.71,9.600233583333333,670.6283941666667,1614.4887674559807,174.81264,不适宜
722,108.41,33.72,9.566795833333332,647.7543858333333,1636.4632665452339,173.42348,不适宜
723,108.41,33.73,9.749336416666667,625.353935,1660.3975683890576,174.3192,适宜
724,108.41,33.74,9.9970796,613.208469,1682.5339393939394,174.28839,不适宜
725,108.42,33.46,9.682896,647.7247333333333,1682.8449004224499,185.61208,不适宜
726,108.42,33.47,9.800882638888888,646.1577205555556,1704.8198908429351,177.13986,不适宜
727,108.42,33.48,10.051673,647.4327055555555,1722.5006053268764,172.65504,不适宜
728,108.42,33.49,10.255371222222223,636.9931883333334,1735.8247422680413,175.68791,不适宜
729,108.42,33.5,10.267482944444446,609.4270427777777,1755.8496969696969,174.52274,适宜
730,108.42,33.51,10.004265222222223,608.2168266666666,1768.2068965517244,174.81944,不适宜
731,108.42,33.52,9.595523266666666,597.1400366666667,1785.2748786407767,181.46301,不适宜
732,108.42,33.53,9.173504555555555,613.4703516666667,1817.455205811138,178.74612,不适宜
733,108.42,33.54,8.779758116666667,658.2773655555557,1849.4933414043583,180.49408,不适宜
734,108.42,33.55,8.36636325,726.1417972222222,1882.3014527845037,183.20412,不适宜
735,108.42,33.56,8.447094266666666,793.2018006666666,1907.6404358353511,184.9996,不适宜
736,108.42,33.57,8.708916805555555,822.8399005555556,1919.5361262902247,190.35437,不适宜
737,108.42,33.58,9.068129777777779,816.6904533333333,1926.9884918231376,187.15079,不适宜
738,108.42,33.59,9.471832055555556,775.8714577777778,1924.8532443905397,186.45856,适宜
739,108.42,33.6,9.820464166666666,722.6081793333332,1911.3023679417122,188.24683,不适宜
740,108.42,33.61,9.977248125,681.4406416666665,1900.280776228017,189.89099,不适宜
741,108.42,33.62,9.984282722222222,663.4884005555556,1896.2117718446602,188.35007,不适宜
742,108.42,33.63,9.986669055555556,648.9036283333334,1885.5558252427184,188.6286,不适宜
743,108.42,33.64,10.008771900000001,641.114338,1869.562613430127,193.68416,不适宜
744,108.42,33.65,10.002618944444446,646.216266111111,1841.49241044323,198.41869,不适宜
745,108.42,33.66,10.029798749999998,665.2849994444445,1817.901758641601,196.29086,不适宜
746,108.42,33.67,10.148975055555557,686.4102333333334,1800.6049757281555,191.55768,不适宜
747,108.42,33.68,10.302410583333335,698.2642183333334,1778.184802431611,193.99611,不适宜
748,108.42,33.69,10.376793222222222,701.6210305555555,1761.9563371740448,196.31459,不适宜
749,108.42,33.7,10.273849222222223,703.0916333333332,1747.263829787234,191.59192,不适宜
750,108.42,33.71,10.039863388888888,704.0688322222222,1725.5573074590661,188.69765,不适宜
751,108.42,33.72,9.791641972222221,699.7319905555556,1704.8792475728155,192.8848,不适宜
752,108.42,33.73,9.64782725,686.3615138888889,1679.3058252427184,185.79456,不适宜
753,108.42,33.74,9.6823981,668.2529693333333,1659.634930260764,189.48827,不适宜
754,108.43,33.46,9.744493499999999,715.271075,1666.3323244552057,183.83322,不适宜
755,108.43,33.47,9.604954916666667,703.3048470833332,1644.6858702243785,183.44061,不适宜
756,108.43,33.48,9.471099979166667,683.99975,1633.0943738656988,186.70113,不适宜
757,108.43,33.49,9.5475376875,673.2348975,1619.2498483929655,186.24515,不适宜
758,108.43,33.5,9.788159166666667,670.4608462499999,1598.9370460048428,185.50674,不适宜
759,108.43,33.51,10.011184250000001,665.1772225,1582.2198667474258,191.37169,不适宜
760,108.43,33.52,10.0713737,633.0604515,1557.5449029126214,183.01938,不适宜
761,108.43,33.53,9.924680833333333,597.7951933333334,1527.7650966183576,177.09254,不适宜
762,108.43,33.54,9.544785979166667,581.5939445833333,1507.3734866828088,176.8089,不适宜
763,108.43,33.55,9.051978208333335,583.5349554166667,1483.2266666666665,179.82681,不适宜
764,108.43,33.56,8.581141324999999,613.065228,1465.9121212121213,182.27878,不适宜
765,108.43,33.57,8.395428145833334,669.125035,1461.6205221615057,180.95662,不适宜
766,108.43,33.58,8.645385625,743.0964737500001,1462.0702604482133,177.98897,不适宜
767,108.43,33.59,9.044465270833333,794.02247,1463.2804360993337,178.38005,不适宜
768,108.43,33.6,9.3103058,797.271082,1467.0722525804492,171.98398,不适宜
769,108.43,33.61,9.41561628125,749.8819662499999,1472.5066666666667,164.9422,不适宜
770,108.43,33.62,9.520646625,704.1664483333334,1471.7947783849422,175.43126,不适宜
771,108.43,33.63,9.686315020833334,672.1059695833333,1459.8275862068965,179.61612,不适宜
772,108.43,33.64,9.857576949999999,669.322711,1447.5884848484848,178.28519,不适宜
773,108.43,33.65,10.012105187500001,668.2738229166666,1444.1281895504253,175.61266,不适宜
774,108.43,33.66,10.132059583333332,657.18651125,1429.6048484848484,174.06573,不适宜
775,108.43,33.67,10.1003045625,654.5425624999999,1424.390776699029,176.19363,不适宜
776,108.43,33.68,9.944585208333335,671.3182945833333,1434.863995142684,176.8657,不适宜
777,108.43,33.69,9.962932541666667,692.02316875,1441.8543689320388,172.7212,不适宜
778,108.43,33.7,10.210727354166666,701.8127441666667,1461.3835866261397,172.44327,不适宜
779,108.43,33.71,10.385361083333335,704.1494733333333,1480.1152213462706,173.78981,不适宜
780,108.43,33.72,10.297711291666667,708.82101,1500.0431086824528,171.8865,不适宜
781,108.43,33.73,10.039065958333333,718.0850875,1531.4538834951456,172.58891,不适宜
782,108.43,33.74,9.7819726,724.406483,1553.7959927140255,182.61566,不适宜
783,108.44,33.46,10.429638,734.4842,1483.879393939394,172.61453,不适宜
784,108.44,33.47,10.2583305,746.607285,1514.113196125908,168.36868,不适宜
785,108.44,33.48,9.901018916666667,756.63734,1532.1719128329298,171.35866,不适宜
786,108.44,33.49,9.574273,745.46338,1554.139563106796,172.62097,不适宜
787,108.44,33.5,9.259419833333332,721.4793500000002,1573.842105263158,171.42981,不适宜
788,108.44,33.51,9.077522333333334,699.6219116666665,1583.646916565901,178.49812,不适宜
789,108.44,33.52,9.1967306,687.8554079999999,1597.2026618269813,183.09508,不适宜
790,108.44,33.53,9.484186,680.24527,1602.850909090909,184.53326,不适宜
791,108.44,33.54,9.627175833333332,665.2058933333333,1604.2742718446605,183.00331,不适宜
792,108.44,33.55,9.471046583333333,628.1174083333334,1607.5844942459116,182.3573,不适宜
793,108.44,33.56,9.138069999999999,577.632232,1613.9170702179179,185.29533,不适宜
794,108.44,33.57,8.815689166666665,572.8774883333333,1626.701882210079,181.26038,不适宜
795,108.44,33.58,8.454410666666666,561.93245,1643.5551515151515,172.98106,不适宜
796,108.44,33.59,8.138307,569.7251,1659.367495451789,168.1039,适宜
797,108.44,33.6,8.17412356,630.3663,1690.3541540327471,167.63918,不适宜
798,108.44,33.61,9.694418749999999,732.5089974999999,1723.7831617201696,162.8154,不适宜
799,108.44,33.62,9.871405333333334,779.2295866666667,1742.9291338582677,179.94308,不适宜
800,108.44,33.63,9.681121,769.9064966666666,1756.189696969697,179.28247,不适宜
801,108.44,33.64,9.343575999999999,703.669018,1760.6367495451789,176.0947,不适宜
802,108.44,33.65,9.178697833333333,647.1877166666667,1772.629404617254,174.3176,不适宜
803,108.44,33.66,9.2482295,658.2905799999999,1789.2383262583385,174.2123,不适宜
804,108.44,33.67,9.503370666666667,695.966355,1799.0966565349545,174.98236,不适宜
805,108.44,33.68,9.854396833333332,669.91844,1807.5615524560337,177.98215,不适宜
806,108.44,33.69,10.070386583333333,634.1247883333333,1805.0564320388353,187.08548,不适宜
807,108.44,33.7,9.898966166666666,669.8484183333335,1791.268529769137,195.64058,不适宜
808,108.44,33.71,9.580200583333333,729.4731016666667,1784.8378870673953,194.56747,不适宜
809,108.44,33.72,9.806693333333333,748.1828133333333,1772.398305084746,194.79248,不适宜
810,108.44,33.73,10.35966808333333,730.2800683333334,1751.7714285714285,196.70204,适宜
811,108.44,33.74,10.453299900000001,715.160698,1732.5770631067958,190.81783,不适宜
812,108.45,33.46,9.3085075,782.431635,1770.5621588841723,178.99461,不适宜
813,108.45,33.47,9.368847291666667,748.7514741666668,1751.5996365838885,184.25006,不适宜
814,108.45,33.48,9.775015416666667,718.2512049999998,1741.400483968542,184.42708,不适宜
815,108.45,33.49,10.039056333333333,729.3526183333332,1728.6525423728813,184.21529,不适宜
816,108.45,33.5,9.944416875,756.1051616666667,1721.045317220544,187.4072,不适宜
817,108.45,33.51,9.74076825,771.5857541666667,1702.9297395517867,186.59084,不适宜
818,108.45,33.52,9.5229344,767.551343,1670.4127272727274,190.01405,不适宜
819,108.45,33.53,9.207810916666668,749.9125833333334,1643.7687651331719,184.71262,不适宜
820,108.45,33.54,8.930496833333333,725.0325208333334,1617.559198542805,182.49496,不适宜
821,108.45,33.55,8.994880708333334,700.0733875,1594.7366828087168,183.01682,不适宜
822,108.45,33.56,9.199008899999999,672.176639,1577.290303030303,191.13425,不适宜
823,108.45,33.57,9.060340958333333,643.8220566666665,1552.2817243472982,185.1538,不适宜
824,108.45,33.58,8.62643875,610.4530016666666,1532.8728043609933,187.6214,不适宜
825,108.45,33.59,8.271732625,601.6969808333333,1509.1724347298116,190.18018,适宜
826,108.45,33.6,8.1197115,586.372599,1475.5099818511796,190.99818,不适宜
827,108.45,33.61,7.983989500000001,560.94683625,1446.0738498789344,190.52594,不适宜
828,108.45,33.62,7.829601200000002,557.3741675,1417.656743620899,182.16661,不适宜
829,108.45,33.63,8.571974,603.1949133333334,1395.9115151515152,176.08939,不适宜
830,108.45,33.64,10.2303415,694.774576,1387.3646844660193,181.82796,不适宜
831,108.45,33.65,10.331212833333334,759.5301741666666,1374.1517911353978,181.38477,不适宜
832,108.45,33.66,9.885493541666667,754.0531858333331,1366.408126137053,178.90564,不适宜
833,108.45,33.67,9.316070583333333,701.4236866666666,1360.1427703523693,181.06995,不适宜
834,108.45,33.68,8.933717833333333,675.3871033333332,1347.2565191024864,183.78558,不适宜
835,108.45,33.69,8.85520825,709.2575525,1342.9830200121285,182.04887,不适宜
836,108.45,33.7,9.149156291666666,718.9501116666668,1345.5331306990881,180.48776,不适宜
837,108.45,33.71,9.655880041666666,653.6292808333334,1347.2934059286147,180.36862,不适宜
838,108.45,33.72,9.892433666666665,632.4053525,1350.3053527980535,181.2504,不适宜
839,108.45,33.73,9.628861916666667,713.0294,1349.6047358834244,182.7206,适宜
840,108.45,33.74,9.343942199999999,793.049187,1345.6656553398057,177.48097,不适宜
841,108.46,33.46,10.004,803.5737666666666,1314.4890776699028,184.86356,不适宜
842,108.46,33.47,9.96981766666667,830.8473888888889,1304.5515992757996,184.95203,适宜
843,108.46,33.48,9.668755416666666,813.083895,1294.8762077294687,177.66667,不适宜
844,108.46,33.49,9.446518,741.9195055555556,1288.521212121212,178.40244,适宜
845,108.46,33.5,9.524800888888889,697.4937577777778,1279.3559322033898,186.2386,不适宜
846,108.46,33.51,9.678784555555556,708.1236138888887,1283.9156553398059,185.82733,不适宜
847,108.46,33.52,9.719218199999998,740.759638,1299.75,180.40884,不适宜
848,108.46,33.53,9.698897833333334,768.9094116666666,1318.7046004842614,178.51514,不适宜
849,108.46,33.54,9.636775277777776,781.5018872222224,1344.610436893204,179.47652,不适宜
850,108.46,33.55,9.454592888888888,773.3944455555555,1361.7375757575758,177.27907,不适宜
851,108.46,33.56,9.198708933333332,746.3202466666665,1378.3489077669904,178.53242,不适宜
852,108.46,33.57,9.12452822222222,713.7428455555556,1406.2646880678376,181.75226,不适宜
853,108.46,33.58,9.103917333333333,673.8928005555556,1424.8964891041164,180.22784,不适宜
854,108.46,33.59,8.830365888888888,634.4966833333333,1457.7952755905512,183.89615,适宜
855,108.46,33.6,8.26592236,611.7437093333333,1487.7515151515152,179.24553,不适宜
856,108.46,33.61,7.85410185,625.4160108333333,1513.5630303030305,169.12213,适宜
857,108.46,33.62,7.836276538888889,617.3755644444445,1555.6338797814208,173.57188,不适宜
858,108.46,33.63,7.864251966666667,602.7077294444445,1582.920606060606,177.16937,不适宜
859,108.46,33.64,7.903501273333333,597.1683026666667,1606.0279465370593,181.15,不适宜
860,108.46,33.65,8.634698344444445,624.7804144444444,1632.5324439053973,180.17339,不适宜
861,108.46,33.66,10.040470311111111,689.6031366666667,1645.1079442086113,180.87642,不适宜
862,108.46,33.67,10.449670333333334,749.7281255555556,1655.7478736330497,183.09601,不适宜
863,108.46,33.68,10.071875638888889,762.5345,1664.2449969678594,181.94818,不适宜
864,108.46,33.69,9.473980833333332,739.0661127777777,1672.81299332119,180.93663,不适宜
865,108.46,33.7,8.99626625,730.3659283333333,1687.6406060606062,183.01097,不适宜
866,108.46,33.71,8.838061333333334,749.8413427777778,1695.6256067961165,181.28043,适宜
867,108.46,33.72,9.093243833333332,745.910953888889,1691.243917274939,184.01553,不适宜
868,108.46,33.73,9.606154444444444,698.48053,1693.251061249242,188.80978,适宜
869,108.46,33.74,9.9247642,677.5033986666666,1699.1304611650485,192.35815,适宜
870,108.47,33.46,9.342984333333334,754.6884,1680.156684815487,194.1372,不适宜
871,108.47,33.47,9.666361666666667,774.2955000000001,1679.7409200968523,195.46408,不适宜
872,108.47,33.48,10.103750111111111,820.1681705555555,1679.970266990291,190.37657,不适宜
873,108.47,33.49,10.15243038888889,827.6310811111111,1689.8601694915253,186.7455,不适宜
874,108.47,33.5,9.892013138888888,767.3089666666666,1703.7886129618414,189.69748,不适宜
875,108.47,33.51,9.639348027777778,687.9082994444444,1702.5,192.49785,不适宜
876,108.47,33.52,9.5387663,650.798278,1699.5992736077483,193.89732,不适宜
877,108.47,33.53,9.514362277777778,667.4098372222222,1691.7692307692307,193.47733,不适宜
878,108.47,33.54,9.545254388888889,717.4282788888889,1667.4830097087379,192.17484,不适宜
879,108.47,33.55,9.646304333333333,764.384191111111,1654.8250605326878,198.97157,不适宜
880,108.47,33.56,9.717597399999999,790.9674973333334,1644.933899332929,198.6042,不适宜
881,108.47,33.57,9.658171722222223,788.9815627777778,1627.453446191052,192.22066,不适宜
882,108.47,33.58,9.556827,764.1852172222223,1609.5099818511796,190.46373,不适宜
883,108.47,33.59,9.459697222222221,721.7889166666668,1578.6452004860266,190.0823,不适宜
884,108.47,33.6,9.192365333333333,668.4634533333333,1549.6614173228347,198.09956,不适宜
885,108.47,33.61,8.603912825,618.5916874999999,1519.695995145631,195.49432,不适宜
886,108.47,33.62,8.167936133333333,626.9880588888889,1478.114008489994,195.23135,不适宜
887,108.47,33.63,7.911801188888889,626.7000033333333,1449.397210430564,192.42557,不适宜
888,108.47,33.64,7.909219733333333,648.8141546666668,1418.6324422843256,184.76985,不适宜
889,108.47,33.65,7.933926416666666,645.7610283333332,1389.1042424242423,185.76115,不适宜
890,108.47,33.66,7.941387816666667,649.8248550000001,1367.3763636363637,183.91122,不适宜
891,108.47,33.67,9.184508155555555,678.0609161111112,1341.4036474164134,175.14787,不适宜
892,108.47,33.68,9.752797894444443,723.9071644444444,1327.6322815533981,181.27849,不适宜
893,108.47,33.69,10.397628166666667,759.260275,1312.5403274711946,182.2482,不适宜
894,108.47,33.7,10.076388555555555,766.0906288888889,1290.1892055791388,181.10098,不适宜
895,108.47,33.71,9.548479555555554,760.4911927777778,1280.50697392359,181.44643,不适宜
896,108.47,33.72,9.104471666666667,771.8628594444443,1272.2449848024316,179.52594,不适宜
897,108.47,33.73,9.002506833333332,790.6098066666667,1269.7026699029127,170.27438,适宜
898,108.47,33.74,9.293908199999999,777.8071706666667,1268.213981762918,180.15839,不适宜
899,108.48,33.46,9.555004333333333,808.7066766666666,1304.7030303030303,180.59703,不适宜
900,108.48,33.47,9.306834194444445,826.0120649999999,1309.5910465819723,174.68217,不适宜
901,108.48,33.48,9.131859333333333,830.7732661111112,1312.4736203759855,175.70631,不适宜
902,108.48,33.49,9.406372249999999,822.9805633333333,1301.1724137931035,180.92336,不适宜
903,108.48,33.5,10.028325305555555,837.2849333333332,1287.4936479128858,179.93517,不适宜
904,108.48,33.51,10.528847944444447,845.6355194444445,1268.290831815422,176.18536,不适宜
905,108.48,33.52,10.534366200000001,786.071084,1251.1489104116222,178.66786,不适宜
906,108.48,33.53,10.167218805555557,659.2033016666667,1246.0600728155339,173.00108,不适宜
907,108.48,33.54,9.71631175,549.1937494444445,1248.9812235009085,165.35193,不适宜
908,108.48,33.55,9.41853688888889,547.4526061111111,1257.859129383313,165.68867,适宜
909,108.48,33.56,9.264184733333334,631.9147833333334,1260.5,167.87778,不适宜
910,108.48,33.57,9.29321425,713.1097861111111,1262.5057540884313,172.30443,不适宜
911,108.48,33.58,9.54916561111111,780.9478327777776,1277.620606060606,176.22794,不适宜
912,108.48,33.59,9.920856166666667,817.7633605555556,1296.1317547055253,173.31723,不适宜
913,108.48,33.6,10.117476033333336,815.9018086666666,1320.9654545454546,165.58124,不适宜
914,108.48,33.61,9.992346375,768.8328166666668,1359.162211421628,167.81734,不适宜
915,108.48,33.62,9.761266166666667,713.0517588888889,1394.9975757575758,170.17073,不适宜
916,108.48,33.63,9.350549388888888,643.8057672222222,1426.0758035172835,171.35785,不适宜
917,108.48,33.64,8.773605,591.7308586666667,1459.7582017010936,178.58795,不适宜
918,108.48,33.65,8.378364833333332,612.64099,1475.489696969697,180.59932,不适宜
919,108.48,33.66,8.423377916666666,652.8334727777777,1491.7727825030377,180.45029,不适宜
920,108.48,33.67,8.583534861111112,694.4535155555556,1510.7790556900727,183.39928,不适宜
921,108.48,33.68,8.419943038888889,718.2002816666667,1514.8946731234867,188.8185,不适宜
922,108.48,33.69,8.114275811111112,722.4943205555555,1531.8255319148936,186.82927,不适宜
923,108.48,33.7,9.164334461111112,723.7279077777779,1549.0879854368932,186.72955,不适宜
924,108.48,33.71,10.144428472222222,737.4637838888889,1553.9126213592233,190.94536,不适宜
925,108.48,33.72,10.457436611111111,751.1161133333333,1578.926399026764,189.32654,不适宜
926,108.48,33.73,10.065582444444445,752.8036994444444,1595.1930783242256,186.59421,适宜
927,108.48,33.74,9.560915666666666,757.2289559999999,1608.264598540146,186.91986,不适宜
928,108.49,33.46,10.349573999999997,690.69128,1587.9818511796734,182.67513,不适宜
929,108.49,33.47,10.199324333333331,709.5144616666666,1590.9147005444647,182.63756,适宜
930,108.49,33.48,9.7280975,757.3815124999999,1610.7506067961165,180.93854,不适宜
931,108.49,33.49,9.276679291666667,807.694395,1633.550514216576,178.94772,不适宜
932,108.49,33.5,9.094535541666666,836.0461666666666,1656.1819284414796,181.40863,不适宜
933,108.49,33.51,9.308429333333333,847.7105508333334,1699.87522713507,182.43842,不适宜
934,108.49,33.52,9.834728250000001,866.7597290000001,1734.6291591046581,181.8472,不适宜
935,108.49,33.53,10.390815416666667,877.2726741666665,1757.6135675348273,183.95871,不适宜
936,108.49,33.54,10.543830333333332,802.5977316666665,1788.2255139056829,182.97792,不适宜
937,108.49,33.55,10.180857958333332,619.302005,1813.4061743341406,177.53505,适宜
938,108.49,33.56,9.6532935,473.418792,1841.136695018226,176.19383,不适宜
939,108.49,33.57,9.317806416666667,496.94605416666667,1865.7062386432465,174.63254,不适宜
940,108.49,33.58,9.086531916666667,598.3654183333333,1878.1712204007285,180.1151,不适宜
941,108.49,33.59,9.036102125000001,700.6460275,1886.9205579138873,189.04153,不适宜
942,108.49,33.6,9.31075755,781.72433,1891.4542701393095,197.43158,不适宜
943,108.49,33.61,9.9188278125,831.1632862499999,1882.8032786885246,192.65302,不适宜
944,108.49,33.62,10.24167083333333,832.0443516666668,1880.7026044821323,187.07286,不适宜
945,108.49,33.63,10.213027,788.50693,1878.383495145631,187.63951,不适宜
946,108.49,33.64,9.88143945,708.966653,1856.661809350334,183.56685,适宜
947,108.49,33.65,9.491523708333334,629.026115,1832.570303030303,190.3102,不适宜
948,108.49,33.66,9.0682205,565.7886491666667,1808.472087378641,192.71962,不适宜
949,108.49,33.67,8.858341916666667,567.0333266666667,1788.3872727272728,187.92929,不适宜
950,108.49,33.68,9.101158291666668,635.05763,1779.9254093389932,191.47008,不适宜
951,108.49,33.69,9.295269666666668,686.35979,1757.456204379562,187.88849,不适宜
952,108.49,33.7,8.894661999999999,737.2633575,1740.2243784111586,185.92087,不适宜
953,108.49,33.71,8.185499700000001,745.3173283333333,1733.2255319148935,180.28119,不适宜
954,108.49,33.72,8.597057108333335,722.9215741666668,1709.2741055184958,175.19064,不适宜
955,108.49,33.73,10.207661958333333,706.8868266666666,1687.4872572815536,174.74048,适宜
956,108.49,33.74,10.4110732,701.62056,1656.8079027355623,175.6439,不适宜
